radius_au,normalised_surface_density
3.005000000000000071e+01,6.632884586295610674e-02
3.015000000000000213e+01,9.916327453640981504e-02
3.025000000000000355e+01,2.141435011269748612e-01
3.035000000000000497e+01,1.149281114272894949e-01
3.045000000000000639e+01,0.000000000000000000e+00
3.055000000000000782e+01,0.000000000000000000e+00
3.065000000000000924e+01,1.625760047456631385e-02
3.075000000000001066e+01,0.000000000000000000e+00
3.085000000000001208e+01,0.000000000000000000e+00
3.095000000000001350e+01,0.000000000000000000e+00
3.105000000000001492e+01,1.604816278729350940e-02
3.115000000000001634e+01,1.599664380563261407e-02
3.125000000000001776e+01,1.594545454545463412e-02
3.135000000000001918e+01,3.178918370305957447e-02
3.145000000000002061e+01,3.168810521751735249e-02
3.155000000000002203e+01,0.000000000000000000e+00
3.165000000000002345e+01,1.574393221312651511e-02
3.175000000000002487e+01,0.000000000000000000e+00
3.185000000000002629e+01,1.564506921649786927e-02
3.195000000000002771e+01,0.000000000000000000e+00
3.205000000000002558e+01,0.000000000000000000e+00
3.215000000000003411e+01,6.199632404920205064e-02
3.225000000000002842e+01,0.000000000000000000e+00
3.235000000000003695e+01,3.080651960095498118e-02
3.245000000000003126e+01,4.606737638324798212e-02
3.255000000000003979e+01,1.530861611506757931e-02
3.265000000000003411e+01,0.000000000000000000e+00
3.275000000000004263e+01,3.043025676613450928e-02
3.285000000000003695e+01,3.033762280337619702e-02
3.295000000000004547e+01,1.512277555524954922e-02
3.305000000000003979e+01,1.507701829184438305e-02
3.315000000000004832e+01,0.000000000000000000e+00
3.325000000000004263e+01,7.493164730006911245e-02
3.335000000000005116e+01,4.482417881968164819e-02
3.345000000000004547e+01,1.489672509851854704e-02
3.355000000000005400e+01,4.455697060019050276e-02
3.365000000000004832e+01,0.000000000000000000e+00
3.375000000000005684e+01,4.429292929292885650e-02
3.385000000000005116e+01,4.416207868940629638e-02
3.395000000000005969e+01,2.935466595260396994e-02
3.405000000000005400e+01,1.463422773995459031e-02
3.415000000000006253e+01,0.000000000000000000e+00
3.425000000000005684e+01,0.000000000000000000e+00
3.435000000000006537e+01,1.450641789069746258e-02
3.445000000000005969e+01,2.892861855126033221e-02
3.455000000000006821e+01,1.442244441520822498e-02
3.465000000000006253e+01,0.000000000000000000e+00
3.475000000000007105e+01,2.867887508175327727e-02
3.485000000000006537e+01,1.000880396504519876e-01
3.495000000000007390e+01,5.702952269475817376e-02
3.505000000000006821e+01,2.843340682142465187e-02
3.515000000000007674e+01,1.417625759731016254e-02
3.525000000000007105e+01,1.413604126370080795e-02
3.535000000000007958e+01,7.048026231194552682e-02
3.545000000000007390e+01,0.000000000000000000e+00
3.555000000000008242e+01,5.606699910497411898e-02
3.565000000000007674e+01,4.193229631518587130e-02
3.575000000000008527e+01,2.787666878575911777e-02
3.585000000000007958e+01,1.389945479903657855e-02
3.595000000000008811e+01,4.158237451005251939e-02
3.605000000000008242e+01,2.764468541167621959e-02
3.615000000000009095e+01,1.378410662643013776e-02
3.625000000000008527e+01,8.247648902821512473e-02
3.635000000000009379e+01,1.096661247967982561e-01
3.645000000000008811e+01,6.835328594587837536e-02
3.655000000000009663e+01,1.635990548439300030e-01
3.665000000000009095e+01,1.359605605853904109e-01
3.675000000000009948e+01,9.491341991342040763e-02
3.685000000000009379e+01,4.056679412853120975e-02
3.695000000000010232e+01,0.000000000000000000e+00
3.705000000000009663e+01,1.344927002821715532e-02
3.715000000000010516e+01,4.023920225131592115e-02
3.725000000000009948e+01,2.675411836485709280e-02
3.735000000000010800e+01,5.336497505172149713e-02
3.745000000000010232e+01,5.322247845612452372e-02
3.755000000000011084e+01,6.635092603800957223e-02
3.765000000000010516e+01,1.323493903175214370e-02
3.775000000000011369e+01,1.319987959060806362e-02
3.785000000000010800e+01,1.053200432328572078e-01
3.795000000000011653e+01,7.878189004671255768e-02
3.805000000000011084e+01,7.857484171544674989e-02
3.815000000000011937e+01,1.306147980459919644e-01
3.825000000000011369e+01,1.302733214497935887e-01
3.835000000000012221e+01,6.496681284816778479e-02
3.845000000000011653e+01,1.036765575127100991e-01
3.855000000000012506e+01,6.462976064143502453e-02
3.865000000000011937e+01,5.157003410560937612e-02
3.875000000000012790e+01,1.028739002932575891e-01
3.885000000000012221e+01,1.282613782613778730e-01
3.895000000000013074e+01,1.151388726805927520e-01
3.905000000000012506e+01,1.786462577115589256e-01
3.915000000000013358e+01,4.582027168234084069e-01
3.925000000000012790e+01,7.871163867979206197e-01
3.935000000000013642e+01,7.091371144738424226e-01
3.945000000000013074e+01,6.947084917617314392e-01
3.955000000000013927e+01,8.441414779910468846e-01
3.965000000000013358e+01,6.912042875157737853e-01
3.975000000000014211e+01,6.393224699828404800e-01
3.985000000000013642e+01,3.751283221170374493e-01
3.995000000000014495e+01,1.496757310274197672e-01
4.005000000000013927e+01,7.465100442628506971e-02
4.015000000000014779e+01,6.205422846145305926e-02
4.025000000000014211e+01,9.904009034443829462e-02
4.035000000000015064e+01,1.358426270136312008e-01
4.045000000000014495e+01,1.108691987863811290e-01
4.055000000000015348e+01,9.830736464521994122e-02
4.065000000000014779e+01,4.903276305490378295e-02
4.075000000000015632e+01,1.100529838259882709e-01
4.085000000000015064e+01,1.097835762768459705e-01
4.095000000000015916e+01,2.068625818625854096e-01
4.105000000000015348e+01,9.710995460081858766e-02
4.115000000000016200e+01,1.210924555396027391e-01
4.125000000000015632e+01,1.087190082644623884e-01
4.135000000000016485e+01,7.230405628229075177e-02
4.145000000000015916e+01,2.043672551814893490e-01
4.155000000000016769e+01,2.158680669511000849e-01
4.165000000000016200e+01,1.914220233547974936e-01
4.175000000000017053e+01,2.625748502994031952e-01
4.185000000000016485e+01,1.547871184967974101e-01
4.195000000000017337e+01,1.544181384765431764e-01
4.205000000000016769e+01,1.540509134147681480e-01
4.215000000000017621e+01,2.955489054243470859e-01
4.225000000000017053e+01,2.830554061323344306e-01
4.235000000000017906e+01,2.470886551465048264e-01
4.245000000000017337e+01,2.934602205803685804e-01
4.255000000000018190e+01,3.513246448029050395e-01
4.265000000000017621e+01,4.439678141319408633e-01
4.275000000000018474e+01,3.613370547581083447e-01
4.285000000000017906e+01,5.698127718256099650e-01
4.295000000000018758e+01,5.684860831834095407e-01
4.305000000000018190e+01,5.555907507127069156e-01
4.315000000000019043e+01,6.813309807226453074e-01
4.325000000000018474e+01,4.954151339989426583e-01
4.335000000000019327e+01,4.367987836846035643e-01
4.345000000000018758e+01,5.963489904801861918e-01
4.355000000000019611e+01,4.805604842918244635e-01
4.365000000000019043e+01,6.278636884306960653e-01
4.375000000000019895e+01,7.061558441558609678e-01
4.385000000000019327e+01,1.000000000000000000e+00
4.395000000000020179e+01,9.637113455372862125e-01
4.405000000000019611e+01,9.954597048808214721e-01
4.415000000000020464e+01,8.013358385668741812e-01
4.425000000000019895e+01,5.968284540318489206e-01
4.435000000000020748e+01,5.617761607051406925e-01
4.445000000000020179e+01,3.811483791798703225e-01
4.455000000000021032e+01,3.579226609529692071e-01
4.465000000000020464e+01,4.129212053344261113e-01
4.475000000000021316e+01,2.561071609954274630e-01
4.485000000000020748e+01,2.666463970811784323e-01
4.495000000000021600e+01,3.325664880169961757e-01
4.505000000000021032e+01,2.433407325194227588e-01
4.515000000000021885e+01,3.310933252793723525e-01
4.525000000000021316e+01,3.413736815670530000e-01
4.535000000000022169e+01,2.197554375062656662e-01
4.545000000000021600e+01,2.850535053505372507e-01
4.555000000000022453e+01,5.141577686857649043e-01
4.565000000000021885e+01,2.838046400477978737e-01
4.575000000000022737e+01,3.376428216592030074e-01
4.585000000000022169e+01,2.499628234361098433e-01
4.595000000000023022e+01,3.361732119893224291e-01
4.605000000000022453e+01,3.246224459579572508e-01
4.615000000000023306e+01,2.699325322564685159e-01
4.625000000000022737e+01,3.016707616707688389e-01
4.635000000000023590e+01,1.612606649014457494e-01
4.645000000000023022e+01,2.789167237498717533e-01
4.655000000000023874e+01,2.247949419002117089e-01
4.665000000000023306e+01,2.456762155315168061e-01
4.675000000000024158e+01,2.238332523091847714e-01
4.685000000000023590e+01,1.382676821577617510e-01
4.695000000000024443e+01,1.910397908800443578e-01
4.705000000000023874e+01,1.906337551927332896e-01
4.715000000000024727e+01,1.796611394967778386e-01
4.725000000000024158e+01,1.687349687349678773e-01
4.735000000000025011e+01,1.262839589133143980e-01
4.745000000000024443e+01,1.260178177986395753e-01
4.755000000000025295e+01,1.467115954497659192e-01
4.765000000000024727e+01,1.464037012305641761e-01
4.775000000000025580e+01,1.565326035221330792e-01
4.785000000000025011e+01,1.249643773154753418e-01
4.795000000000025864e+01,2.494075267797917217e-01
4.805000000000025295e+01,2.074070570428552807e-01
4.815000000000026148e+01,2.276739356178636986e-01
4.825000000000025580e+01,1.445831370701789742e-01
4.835000000000026432e+01,9.275406599605302838e-02
4.845000000000025864e+01,6.170841542358682791e-02
4.855000000000026716e+01,7.184486471304329935e-02
4.865000000000026148e+01,2.048491077268005042e-02
4.875000000000027001e+01,3.066433566433639582e-02
4.885000000000026432e+01,5.100260537824402585e-02
4.895000000000027285e+01,5.089841210883230826e-02
4.905000000000026716e+01,0.000000000000000000e+00
4.915000000000027569e+01,3.041477850735321148e-02
4.925000000000027001e+01,5.058837101984244022e-02
4.935000000000027853e+01,1.009717233121477063e-02
4.945000000000027285e+01,2.015350675613641548e-02
4.955000000000028137e+01,4.022566736996575909e-02
4.965000000000027569e+01,4.014464890597799207e-02
4.975000000000028422e+01,1.001598903608950063e-02
4.985000000000027853e+01,2.998769034375849477e-02
4.995000000000028706e+01,0.000000000000000000e+00
5.005000000000028137e+01,4.977976568885895958e-02
5.015000000000028990e+01,4.968050394271749520e-02
5.025000000000028422e+01,2.974898236092282655e-02
5.035000000000029274e+01,6.927642863590964539e-02
5.045000000000028706e+01,2.963104784214821638e-02
5.055000000000029559e+01,2.957243053682255887e-02
5.065000000000028990e+01,5.902808938347021278e-02
5.075000000000029843e+01,1.963725929243199594e-02
5.085000000000029274e+01,6.859524448019831133e-02
5.095000000000030127e+01,4.890043714872067959e-02
5.105000000000029559e+01,1.952185913988108493e-02
5.115000000000030411e+01,2.922553985603773205e-02
5.125000000000029843e+01,3.889135254989006807e-02
5.135000000000030695e+01,2.911171107373584574e-02
5.145000000000030127e+01,9.685042848308419647e-03
5.155000000000030980e+01,3.866502072127619982e-02
5.165000000000030411e+01,4.823770131127492339e-02
5.175000000000031264e+01,9.628897672375824612e-02
5.185000000000030695e+01,9.610326992197684021e-03
5.195000000000031548e+01,1.918365561291436594e-02
5.205000000000030980e+01,4.786699851541531547e-02
5.215000000000031832e+01,1.911008454632607753e-02
5.225000000000031264e+01,9.536755110917767217e-03
5.235000000000032117e+01,4.759268906833374196e-02
5.245000000000031548e+01,7.600311985440688645e-02
5.255000000000032401e+01,3.792924487501092567e-02
5.265000000000031832e+01,4.732150565483921045e-02
5.275000000000032685e+01,9.446359327875977763e-03
5.285000000000032117e+01,3.771394168745193648e-02
5.295000000000032969e+01,4.705339514121431588e-02
5.305000000000032401e+01,2.817881929569050065e-02
5.315000000000033253e+01,2.812580176173697100e-02
5.325000000000032685e+01,1.871532223644928328e-02
5.335000000000033538e+01,4.670060492459822410e-02
5.345000000000032969e+01,4.661323241772148684e-02
5.355000000000033822e+01,5.583142347848343845e-02
5.365000000000033253e+01,1.857578581716553753e-02
5.375000000000034106e+01,4.635306553911119204e-02
5.385000000000033538e+01,3.701358993838196193e-02
5.395000000000034390e+01,6.465371977420072969e-02
5.405000000000033822e+01,5.531494407535037655e-02
5.415000000000034674e+01,4.601066062285039809e-02
5.425000000000034106e+01,4.592584834520273274e-02
5.435000000000034959e+01,3.667307853140391177e-02
5.445000000000034390e+01,4.575715836046576057e-02
5.455000000000035243e+01,9.134655445379511254e-03
5.465000000000034674e+01,3.647176245529391153e-02
5.475000000000035527e+01,5.460772104607715394e-02
5.485000000000034959e+01,1.816938758597829925e-02
5.495000000000035811e+01,5.440896682934912021e-02
5.505000000000035243e+01,6.336181983320973710e-02
5.515000000000036096e+01,1.174585840270343795e-01
5.525000000000035527e+01,8.117030028794794405e-02
5.535000000000036380e+01,3.601051162026804725e-02
5.545000000000035811e+01,7.189113861792026383e-02
5.555000000000036664e+01,6.279150642336782384e-02
5.565000000000036096e+01,7.163276974597829194e-02
5.575000000000036948e+01,8.044231553200288654e-02
5.585000000000036380e+01,7.137625132253434812e-02
5.595000000000037232e+01,5.343650987082723680e-02
5.605000000000036664e+01,7.112156353904938721e-02
5.615000000000037517e+01,6.212053752124876288e-02
5.625000000000036948e+01,1.771717171717213796e-02
5.635000000000037801e+01,4.421432604662352273e-02
5.645000000000037232e+01,0.000000000000000000e+00
5.655000000000038085e+01,3.524636283257073788e-02
5.665000000000037517e+01,8.796036267351273197e-03
5.675000000000038369e+01,2.634160993191808978e-02
5.685000000000037801e+01,4.382545774366500974e-02
5.695000000000038654e+01,4.374850347194487316e-02
5.705000000000038085e+01,4.367181897856729778e-02
5.715000000000038938e+01,3.487632227789701916e-02
5.725000000000038369e+01,0.000000000000000000e+00
5.735000000000039222e+01,1.737734802250933894e-02
5.745000000000038654e+01,1.734710024527262584e-02
5.755000000000039506e+01,4.329239396572171633e-02
5.765000000000038938e+01,1.728691949854146634e-02
5.775000000000039790e+01,1.725698543880375621e-02
5.785000000000039222e+01,4.306788716901117919e-02
5.795000000000040075e+01,2.579614087379330026e-02
5.805000000000039506e+01,1.716780205152320174e-02
5.815000000000040359e+01,2.570741811928435247e-02
5.825000000000039790e+01,8.554428404213949844e-03
5.835000000000040643e+01,4.269883929266870409e-02
5.845000000000040075e+01,0.000000000000000000e+00
5.855000000000040927e+01,1.702119400667619076e-02
5.865000000000040359e+01,2.548825854452509490e-02
5.875000000000041211e+01,8.481624758220375482e-03
5.885000000000040643e+01,2.540163744496859097e-02
5.895000000000041496e+01,8.452849101703964821e-03
5.905000000000040927e+01,8.438534369948342065e-03
5.915000000000041780e+01,8.424268039652906340e-03
5.925000000000041211e+01,8.410049865746010642e-03
5.935000000000042064e+01,8.395879604809634855e-03
5.945000000000041496e+01,1.676351403012456623e-02
5.955000000000042348e+01,1.673536371269365025e-02
5.965000000000041780e+01,2.506096167035071209e-02
5.975000000000042633e+01,2.501901863826552080e-02
5.985000000000042064e+01,4.995443153337903591e-02
